Parent Asin,Title,Manufacturer,Brand,Item Weight,Product Dimensions,Item model number,Is Discontinued By Manufacturer,Manufacturer Part Number,ASIN,Date First Available,Actual Rating,Actual Reviews,Color,Vehicle Service Type,Material,Closure Type,Country of Origin,Model,Special Features,Safety Rating,OEM Part Number,Position,Maximum weight recommendation,Material Type,Number Of Items,Style,Batteries required,Country/Region of origin,Additional product features,Pump type,Lift Type,Package Dimensions,Voltage,Exterior,Care instructions
B00X2TUW1I,"Enovoe Car Window Shades for Baby (21""x14"") - 4 Pack - Sun Shade Blocker, Cling Window Cover - Glare Shield and UV Rays Protection for Your Child - Side Window Screens for SUV- Mesh Car Window Shade",‎Enovoe,‎Enovoe,‎1.06 ounces,‎0.1 x 14 x 21 inches,‎=,‎No,‎B00X2TUW1I,B00X2TUW1I,"May 3, 2015",31629,5325
B07YYMPLDV,"Enovoe Car Window Shades for Baby (2 Pack) - 21""x14"" Sun Shade Blocker, Cling - Glare Shield and UV Rays Protection for Your Child - Side Window Screens for SUV- Mesh Window Shades for car Baby",‎Enovoe,‎Enovoe,‎4.9 ounces,"‎21""L x 14""W",‎=,,‎CS2114-002,B07YYMPLDV,"October 10, 2019",11568,862,‎Black,"‎Passenger Car, Bus, Van, SUV, Truck, Watercraft, Aircraft","‎Mesh, Fabric",‎Roll Up
B099NBSZN6,"Car Window Shades, 2 Pack Breathable Mesh Car Side Back Window Sun Shades, Stretchy Car Window Screen for Baby Family Pet UV Protection, Car Window Covers Fit for Most(95%) of Cars - (Medium 39""x19"")",‎AUGOLA,‎AUGOLA,‎7 ounces,"‎39.4""L x 19.7""W",‎sd-2 pack,,‎Sd-2 pack,B08FL95VWC,"June 23, 2021",2317,327,‎Black,‎Car,‎Nylon,‎Foldable,‎China
B099NBSZN6,"Car Window Shades, 2 Pack Breathable Mesh Side Car Window Sun Shades, Stretch Car Window Screens for Baby/Camping Heat Block UV Protection, Back Window Covers for Car, Truck, SUV, Van-(Large 49""x22"")",‎AUGOLA,‎AUGOLA,‎7.4 ounces,"‎49""L x 22""W",,,‎Cws-01,B099NBSZN6,"July 16, 2021",653,123,‎Black,"‎Passenger Car , SUV Car",‎Nylon,‎Foldable,‎China
B00ZOKJVAG,kinder Fluff Car Window Shade (4Pack)-The Only Certified Car Window Sun Shade for Baby Proven to Block 99.95% UVR - Mom's Choice Gold Award Winning -Car Window Shade for Baby- Car Seat Sun Protection,‎Kinder Fluff,‎Kinder Fluff,‎3.2 ounces,"‎20""L x 12""W",‎KF2 Car-Shade,‎No,‎FBA_KF2 Car-Shade,B00ZOKJVAG,"June 15, 2015",23814,8047,‎2 Semi Transparent + 2 Transparent,"‎Passenger Car, Bus, Van, SUV, Truck, Watercraft, Aircraft","‎15s Film, Certified, 120 GSM Mesh",‎Twist & Fold,‎China,‎FBA_KF2 Car-Shade,"‎Mom's Choice Gold Award Winner, The Only Certified Sunshades in The Market Proven to Block 99.95 % UVR, Made of 120 GSM Mesh & 15s Film, with Maximum Sun Protection 50+ UPF/SPF 100",‎ASTM D 6603-19
B00ZOKJVAG,kinder Fluff Car Window Shade (4Pack)-Car Sun Shade for Baby-The Only Certified car Sun Shade to Block 99.95% UVR-Mom’s Choice Gold Award Winning Car Window Shade for Baby & Aircraft Pilot,‎kinder Fluff,‎Kinder Fluff,‎3.2 ounces,"‎20""L x 12""W",‎CARSUN04,,‎CARSUN04,B084QHVL6S,"March 9, 2020",4221,686,‎4x Semi-Transparent (Darker Shades),"‎Passenger Car, Minivan, SUV, In the office, Truck, Watercraft, Window at home, Aircraft","‎15 S Film, 120 GSM Mesh",‎Twist & Fold,‎China,,"‎The Only Certified Sunshades in the Market Proven to Block UVR. 120 GSM Mesh & 15s Film, with Maximum Sun Protection 50+ UPF/100 SPF",‎ASTM D 6603-19,‎pilotset
B00ZOKJVAG,"kinder Fluff Car Window Shades (4X)-The Only Certified Car Sun Shade Blocking 99.95% UVR-Award Winning Car Window Shade for Baby - Automotive Window Sunshades as Cars, Van, SUV, Truck, RV, Camper -XL",‎kinder Fluff,‎Kinder Fluff,‎1.01 pounds,"‎25""L x 16""W",‎Jumbo Car Window Shades,,‎Jumbo Car Window Shades,B09PR4LH24,"January 4, 2022",125,32,‎2 Semi Transparent + 2 Transparent,"‎Passenger Car, Camper, Bus, Van, All terrain Vehicles, Truck, Aircraft","‎120 GSM,15S Film",‎Twist & Fold,‎China,‎Kinder Fluff Jumbo Car Window Shades,"‎UPF 50+ / SPF 100, Made of 120 GSM,15S Film & a unique clamp, Jumbo Size (25""x16"") to fit Big Cars such as RV ,Van ,SUV , Truck ,Train ,Aircraft etc, The only Certified Car Window Shades blocking 99.79% of UVA & 99.95% of UVB",,
B00ZOKJVAG,"kinder Fluff Car Window Shades (4X)-The Only Certified Car Sun Shade Blocking 99.95% UVR-Award Winning Car Window Shade for Baby - Automotive Window Sunshades as Cars, Van, SUV & Aircraft Pilot - XL",‎kinder Fluff,‎Kinder Fluff,‎1.04 pounds,"‎25""L x 16""W",‎kinder Fluff Jumbo Car Window Shades,,‎Kinder Fluff PilotSet Jumbo,B09PR4H3FD,"January 4, 2022",257,106,‎4x Semi-Transparent (Darker Shades),"‎Passenger Car, Bus, Van, Car, Truck, Aircraft, Train","‎Made of 120 GSM,15S Film",‎Twist & Fold,‎China,‎Jumbo Pilot Set,"‎UPF 50+ / SPF 100, Jumbo Size (25""x16"") to fit Big Cars such as RV ,Van ,SUV , Truck ,Train ,Aircraft etc, The only Certified Car Window Shades blocking 99.79% of UVA & 99.95% of UVB, Made of 120 GSM,15S Film & a unique clamp design",,
B08RZB4F63,"EcoNour Car Window Shades for Windows (2 Pack) | Shade Automotive Interior Sun Protection Large Offers Complete from UV Rays and Glare 18"" x 20""",‎EcoNour,‎EcoNour,‎1.21 pounds,"‎20""L x 18""W",‎EcoRollerSS_Large,,‎EcoRollerSS_Large,B092QLCWJT,"July 19, 2021",1134,142,‎Black,‎Passenger Car,‎Polyvinyl Chloride,"‎Button,Roller",,,"‎Retractable Design, Strong Suction Cups, Adjustable, Durable Material",,
B08RZB4F63,"EcoNour Window Shades for Car Baby (2 Pack) | Retractable car Window Shade for Baby for Sun Protection for Kids, Passengers & Pets in The Back Seat | Car Window Covers for Trucks | XL (20”x22”)",‎EcoNour,‎EcoNour,‎1.3 pounds,"‎22""L x 20""W",,,‎EcoRollerXL,B09ZX24PJT,"August 18, 2022",68,18,‎Black,‎Passenger Car,‎PVC,‎Roll Up,,,,,
B08RZB4F63,"EcoNour Car Window Covers for Baby (2 Pack) | Retractable Car Window Shades for Protecting Kids, Passengers & Pets from Harmful Sun Rays | Car Sun Shade for Trucks | XXL (22”x24”)",‎EcoNour,‎EcoNour,‎35.7 pounds,"‎24""L x 22""W",,,‎EcoRollerXXL,B09ZXJSR2B,"August 18, 2022",82,25,‎Black,‎Passenger Car,‎PVC,‎Roll Up,,,,,
B08RZB4F63,"EcoNour Car Side Window Sun Shade (2 Pack) | Retractable Car Roller Sunshade for Kids | Baby Car Window Shades for UV and Sun Glare Protection | Baby Car Travel Accessories (15""x17"")",‎EcoNour,‎EcoNour,‎1.06 pounds,"‎17""L x 15""W",‎EcoRollerSS_std,,‎EcoRollerSS_std,B08RZB4F63,"February 16, 2021",5034,755,‎Black,"‎Passenger Car, Van, SUV, Truck",‎Polyvinyl Chloride,"‎Button,Roller,Velcro",,,"‎Strong Suction Cups, Retractable Button for Easy Folding, Adjustable",,,‎Left
B0B24RL6QJ,"2pcs Car Front Window Sunshade, Breathable Mesh Car Window Screen Streched up to 40"", for Car Night Camping, Privacy Shade",‎TECUUL,‎TECUUL,‎7.4 ounces,"‎40""L x 21.5""W",‎YH030-FN,,‎YH030-FN,B0B24RL6QJ,"May 24, 2022",229,62,‎Black,‎Passenger Car,‎Polyester,‎Pull On,,,,,,
B0B24RL6QJ,"2Pack Large Size Super Elastic 42"" to 53"" Car Window Sunshades, for Large SUV, Pickup, Truck, Minivan, Breathable Mesh Window Cover for Car, Side Window Screen for Car Camping",‎TECUUL,‎TECUUL,‎9.6 ounces,"‎52""L x 31""W",‎TE031-2R,,‎TE031-2R,B0963S8P5S,"May 28, 2021",599,129,‎Black,"‎Passenger Car, Truck",‎Polyester,‎Adjustable,‎China,,,,,
B0B24RL6QJ,"2Pack Car Window Sunshades Rear Side Window up to 43"", Breathable Mesh Window Cover for Car, Side Window Screen for Car Camping Trip, Fit for Most Cars Truck SUVs",‎TECUUL,‎TECUUL,‎7.4 ounces,"‎22""L x 22""W",‎TE030-2R,,‎TE030-2R,B08ZCG9W6R,"March 16, 2021",966,142,‎Black,"‎Passenger Car, Truck",‎Polyester,‎Adjustable,‎China,,,,,
B07ZPMHYVB,"Munchkin® Brica® Magnetic Stretch to Fit™ Sun Shade, Black, 1 Pack",,‎Munchkin,‎1.92 ounces,"‎34""L x 18""W",‎61420,,,B07ZPMHYVB,,4906,544,‎Black,‎Passenger Car,‎Metal,‎Magnetic,,,,,,,‎2.2 Pounds,‎Metal,‎1,‎1pk Shade,‎No,‎China
B07ZPMHYVB,Munchkin® Brica® Magnetic Stretch to Fit™ Sun Shade and 360 Pivot Baby in-Sight® Wide-Angle Adjustable Car Mirror,,,,,,,,B09JYMQHHM,,11,0,,,,,,,,,,,,‎Metal,,‎1pk Shade + Mirror,,,‎Adjustable,‎Manual
B07ZPMHYVB,Munchkin Brica Magnetic Stretch to Fit Sun Shade and 360 Pivot Nightlight Baby in-Sight Wide-Angle Adjustable Car Mirror,,,,,,,,B09YW31SY4,,2,0,,,,,,,,,,,,‎Metal,,‎1pk Shade + Nightlight Mirror,,,‎Adjustable,‎Manual
B07ZPMHYVB,"Munchkin® Brica® Magnetic Stretch to Fit™ Sun Shade, Black, 2 Pack",,,‎1.01 pounds,‎6.6 x 3.1 x 11 inches,‎61449,,,B093NT15T1,,1083,159,,,,,,,,,,,,,‎2,‎2pk Shade,‎No,‎China,,
B091SLSH6L,"2 Pack Universal Car Window Shade, Cling Sunshade for Car Windows - Sun, Glare and UV Rays Protection for Your Child - Baby Side Window Car Sun Shades, Blocks Over 98% of Harmful UV Rays (Small)",‎Moly Magnolia,‎Moly Magnolia,‎2.08 ounces,‎17 x 14 x 0.2 inches,,,‎Moly Magnolia-zheyang,B096HKFFDG,"June 3, 2021",204,31,,,,,,,,,,,,,,,,,,
B091SLSH6L,"5Pack Set Car Window Shade, Auto Sun Shades for Side and Rear Window, Sun Glare and UV Rays Protection for Child, Sun Shade with Suction Cup Universal for Most Cars",‎Moly Magnolia,‎Moly Magnolia,‎7 ounces,‎17.32 x 14.17 x 0.01 inches,,,‎Moly Magnolia-Car Window Shade5,B0B17VN6FP,"May 10, 2022",74,11,,,,,,,,,,,,,,,,,,,‎manual
B091SLSH6L,"2 Pack Universal Car Window Shade, Cling Sunshade for Car Windows - Sun, Glare and UV Rays Protection for Your Child - Baby Side Window Car Sun Shades, Blocks Over 98% of Harmful UV Rays (Large)",‎Moly Magnolia,‎Moly Magnolia,‎2.82 ounces,‎25 x 15 x 0.12 inches,,,‎Moly Magnolia-zheyang,B091SLSH6L,"April 6, 2021",2997,419,,,,,,,,,,,,,,,,,,,
B091SLSH6L,"Car Rear Window Sunshade with Suction Cup, Sun UV Rays Protection for Car Back Window, Sunlight Shield Blocker Mesh Cover for Rear Facing Seats, Car Accessories for Baby, Pets, Children （39""x19""/Rear）",‎Moly Magnolia,‎Moly Magnolia,‎3.2 ounces,‎39.37 x 19.68 x 0.01 inches,,,‎Moly Magnolia-Car Rear Window Sunshade,B0B1T8QKVT,"May 20, 2022",229,50,,,,,,,,,,,,,,,,,,,
B0BW2CVV5L,Topfit for Model Y Sunshade Roof Window Insulation UV Rays Protection Sun Shade for Tesla Model Y Heat Blocking Shades,‎topfit,‎Topfit,‎2.07 pounds,,‎roof sunshade001,,‎roof sunshade001,B08X6W1KBZ,"February 23, 2021",806,259,,,,,,‎roof sunshade001,,,,,,,,,,,,,,‎19.5 x 16 x 0.6 inches
B0BW2CVV5L,Topfit for Model Y Sunshade Roof Window Insulation UV Rays Protection Sun Shade for Tesla Model Y Heat Blocking Shades (Off-White),‎topfit,‎Topfit,‎2.01 pounds,,‎Topfit-029,,‎Topfit-029,B0BVDPX395,"February 10, 2023",38,14,,,,,,‎roof sunshade001,,,,,,,,,,,,,,‎21.77 x 17.36 x 2.52 inches
B0BW2CVV5L,Topfit for Model Y Sunshade Roof Window Insulation UV Rays Protection Sun Shade for Tesla Model Y Heat Blocking Shades Shading Rate 99% (Off-White Painted Silver),‎topfit,‎Topfit,‎1.98 pounds,,‎Topfit-031,,‎Topfit-031,B0C1BGRKK3,"February 23, 2021",19,10,,,,,,‎Topfit-031,,,,,,,,,,,,,,‎21.61 x 17.01 x 2.24 inches
B0BW2CVV5L,Topfit for Model Y Sunshade Roof Window Insulation UV Rays Protection Sun Shade for Tesla Model Y Heat Blocking Shades Shading Rate 99%,‎topfit,‎Topfit,‎2 pounds,,‎Topfit-031,,‎Topfit-031,B0BW2CVV5L,"February 23, 2021",72,29,,,,,,‎Topfit-031,"‎UV protection, Shading Rate 99%",,,,,,,,,,,,,‎21.75 x 17 x 1 inches
B0BW2CVV5L,Topfit Tesla Model 3 Y Front Windshield Sun Blind Coated with Silver Cloth Insulated Sun Visor for Tesla Model 3 Y Accessories,‎topfit,‎Topfit,‎7.8 ounces,,‎Topfit-032,,‎Topfit-032,B0BW3LRMJW,"February 17, 2023",14,7,,,,,,‎roof sunshade001,,,,,,,,,,,,,,‎13.19 x 12.01 x 1.93 inches
B01M4NRZAG,"EcoNour Back Window Sun Shade for Car (2 Pack) | Total Protection from Sun Heat and UV Window Mesh Screen for Cars | Complete Shades for Car Windows Kids Defend from Harmful Sun Rays (Small 30"" x15”)",‎EcoNour,‎EcoNour,‎6.4 ounces,,‎EcoWindowSox-Small,,‎EcoWindowSox-Small,B08RZ89YR6,"March 14, 2021",166,17,,,,,,,,,,,,,,,,,,,,‎7.8 x 7.64 x 1.93 inches
B01M4NRZAG,"EcoNour Car Window Screens for Camping (Pack of 2) | 100% Protection from Bugs, UV and Car Mosquito Net for Camping | Breathable Mesh Baby Car Window Covers for Privacy Blackout (Medium 34""x18"")",‎EcoNour,‎EcoNour,‎2 ounces,"‎34""L x 18""W",‎EcoWindowSox-Medium,‎No,‎EcoWindowSox-Medium,B01M4NRZAG,"December 5, 2016",3054,382,‎Black,‎Passenger Car,‎Nylon,‎Roll Up,,,,,,,,,,,,,,,,,‎120 Volts
B01M4NRZAG,"EcoNour Baby Car Window Shades for Side Windows (Pack of 2) | Sun Shade for Car Heat and UV Protection | Adjustable Elastic Fabric Baby Car Shade | Rear Side Window Sunshade for Car (Large 38""x21"")",‎EcoNour,‎EcoNour,‎7.4 ounces,"‎38""L x 21""W",‎EcoWindowSox-Large,,‎EcoWindowSox-Large,B08RZ5R3BT,"March 20, 2021",1793,254,‎Black,‎Passenger Car,‎Nylon,‎Roll Up,,,,,,,,,,,,,,,,,
B01M4NRZAG,"EcoNour Car Side Window Sun Shade (Pack of 2) | Stretchable & Breathable Car Window Screens for Complete Sun & Privacy Protection | Fits Most Truck, SUV and Minivan (XL 42"" x 24"")",‎EcoNour,‎EcoNour,‎10.5 ounces,"‎42""L x 24""W",‎EcoRearSox-XL,,‎EcoRearSox-XL,B09MFD4T15,"January 27, 2022",465,101,‎Black,"‎Passenger Car, Truck",‎Nylon,‎Pull On,‎China,,‎Extendable,,,‎Rear,,,,,,,,,,,
B01M4NRZAG,"EcoNour Car Window Screens for Trucks (2 Pack) | Stretchable & Breathable Car Side Window Sun Shades for Complete Sun Protection | Breathable Car Window Shades for Privacy Blackout | (XXL 46""x27"")",‎EcoNour,‎EcoNour,‎11.7 ounces,"‎46""L x 27""W",‎EcoRearSoxXXL,,‎EcoRearSoxXXL,B09X1L6L7Q,"May 11, 2022",124,26,‎Black,‎Car,‎Nylon,‎Elastic,‎China,,"‎Effortless to Install, Stretchable, Easy to Use",,,‎Rear,,,,,,,,,,,,‎Rubber
B07YF5RDXC,"Car Window Shades for Baby (19""x12"" - 2 Pack)",‎Enovoe,‎Enovoe,‎3.84 ounces,"‎19""L x 12""W",‎=,,‎ENOV-00004,B07YF5RDXC,"September 26, 2019",4041,313,‎Black,‎Passenger Car,"‎Mesh, Fabric",‎Snap,,,,,,,,,,,,,,,,,,
B0B2PYX8ZJ,"Car Side Window Sun Shades, Window Sunshades Privacy Curtains, 100% Block Light for Breastfeeding, Taking a nap, Changing Clothes, Camping (Back Seat 2pcs)",‎MZQZM,‎MZQZM,‎2.39 ounces,"‎31.1""L x 18.9""W",‎CL233,,‎CL233,B0B2PZF4V6,"June 1, 2022",104,17,‎Back Seat 2pcs,‎Passenger Car,‎Alloy Steel,"‎Loop, Hook",‎China,,,,,,,,,,,,,,,,,
B0B2PYX8ZJ,"Car Divider Curtain Sun Shade, Removable Car Front Rear Seat Privacy Divider Curtains",‎MZQZM,‎MZQZM,‎5.6 ounces,"‎32.3""L x 27""W",‎CL233,,‎CL233,B09VPX511T,"March 16, 2022",117,21,‎Car Divider Curtain,"‎Passenger Car, Truck",‎Textile,‎Drawstring,,,,,,,,,,,,,,,,,,
B0B2PYX8ZJ,"Car Side Window Sun Shades, Window Sunshades Privacy Curtains, 100% Block Light for Breastfeeding, Taking a nap, Changing Clothes, Camping (Front Seat 2pcs)",‎MZQZM,‎MZQZM,‎2.39 ounces,"‎24.4""L x 18.9""W",‎CL233,,‎CL233,B0B2PXL8GW,"June 1, 2022",67,12,‎Front Seat 2pcs,‎Passenger Car,‎Alloy Steel,"‎Loop, Hook",,,,,,,,,,,,,,,,,,
B0B2PYX8ZJ,"Car Side Window Sun Shades, Window Sunshades Privacy Curtains, 100% Block Light for Breastfeeding, Taking a nap, Changing Clothes, Camping (Front&Back 4pcs)",‎MZQZM,‎MZQZM,‎5.2 ounces,"‎31.1""L x 18.9""W",‎CL233,,‎CL233,B0B2PYX8ZJ,"June 1, 2022",734,120,‎Front&Back 4pcs,‎Passenger Car,‎Alloy Steel,"‎Loop, Hook",‎China,,,,,,,,,,,,,,,,,
B0832GB18C,ZATOOTO Car Side Window Sun Shades - Privacy Magnetic Black 2 Pcs Covers Blinds Curtains - Auto Accessories Sunshades Keeps Cooler Screen for Baby Sleeping,‎magent,‎ZATOOTO,‎8.1 ounces,"‎29.1""L x 18.8""W",‎ZATOOTO,‎No,‎ZATOOTO,B07PZKTVQN,"March 20, 2019",2353,364,‎Back row black 2 PCS,"‎Minivan, Passenger Car, Bus, Van, ATV, SUV, UTV, Truck","‎fabric, Silk satin",‎Magnetic,‎USA,,‎Extendable,,,,,,,,,,,,‎manual,,,"‎Mechanical processing, Manual sewing process"
B0832GB18C,ZATOOTO Car Curtains - Divider Privacy Window Sun Shade - Side Windshield Magnetic Sunshades Covers - Travel Removable Simple,‎ZATOOTO,‎ZATOOTO,‎8.5 ounces,"‎58""L x 31.5""W",‎ZATOOTO,,‎ZATOOTO,B093D9Q46C,"September 21, 2020",204,35,‎Divider black,"‎Minivan, Passenger Car, Golf Cart, Van, SUV","‎fabric, Silk satin","‎Magnetic,Tie",‎USA,,‎Extendable,,,,,,,,,,,,‎manual,,,"‎Mechanical processing, Manual sewing process"
B0832GB18C,ZATOOTO 4 PCS Side Window Sun Shade Black Privacy Sunshade - Magnetic Curtain Blinds Covers - Keeps Cooler Screen for Sleeping Camping Accessories,‎magent,‎ZATOOTO,‎14.1 ounces,"‎29.1""L x 18.8""W",‎ZATOOTO,,‎ZATOOTO,B0832GB18C,"March 22, 2019",360,57,‎Front back 4 pcs,"‎Minivan, Passenger Car, Golf Cart, SUV, Truck","‎fabric, Silk satin",‎Roll Up,‎USA,,‎Extendable,,,,,,,,,,,,‎manual,,,"‎Mechanical processing, Manual sewing process"
B0832GB18C,ZATOOTO Car Side Window Sun Shades - Front Privacy Magneic Black 2 Pcs Automotive Covers - Sunshades Curtain Prevent Glare and UV Rays for Baby,‎magent,‎ZATOOTO,‎6.7 ounces,"‎32.6""L x 18.4""W",‎ZATOOTO,‎No,‎ZATOOTO,B07G85X6HG,"September 5, 2018",441,99,‎Front row black 2 PCS,"‎Passenger Car, Minivan, Bus, Van, ATV, SUV, UTV, Truck","‎Silk, Silk satin",‎Roll Up,‎China,,‎Extendable,,,,,,,,,,,,‎manual,,,"‎Mechanical processing, Manual sewing process"
B0832GB18C,ZATOOTO Car Side Window Sun Shade - 2 Pcs Beige Magnetic Privacy Sunshades - Curtain Keeps Cooler Screen for Baby Sleeping,‎magent,‎ZATOOTO,‎7.8 ounces,"‎29.1""L x 18.8""W",‎ZATOOTO,,‎ZATOOTO,B07RSRP32N,"March 22, 2019",101,26,‎Gold 2 Pcs,"‎Minivan, Passenger Car, Golf Cart, SUV, Truck","‎fabric, Silk satin",‎Magnetic,‎USA,,‎Extendable,,,,,,,,,,,,‎manual,,,"‎Mechanical processing, Manual sewing process"
B0832GB18C,ZATOOTO Car Side Window Sun Shade - 2 Pcs Grey Magnetic Privacy Sunshades - Curtain Keeps Cooler Screen for Baby Sleeping,‎magent,‎ZATOOTO,‎5.5 ounces,"‎29.1""L x 18.8""W",‎ZATOOTO,,‎ZATOOTO,B07RQLFFZJ,"March 22, 2019",131,20,‎silver 2 pcs,"‎Minivan, Passenger Car, Golf Cart, SUV, Truck","‎fabric, Silk satin",‎Magnetic,‎USA,,‎Extendable,,,,,,,,,,,,‎manual,,,"‎Mechanical processing, Manual sewing process"
B08D28W3HL,"ggomaART Car Side Window Sun Shade - Universal Reversible Magnetic Curtain for Baby and Kids with Sun Protection Block Damage from Direct Bright Sunlight, and Heat - 1 Piece of Black Mesh",‎Eosida Inc.,‎GgomaART,‎5.3 ounces,"‎27""L x 18.5""W",,,‎EW005,B082XMKDDN,"May 1, 2019",976,115,‎Black Mesh,"‎Minivan, Passenger Car, SUV, Pickup Truck",‎Polyester,‎Magnetic,,,,,,,,,,,,,,,,,,
B08D28W3HL,"ggomaART Car Side Window Sun Shade - Universal Reversible Magnetic Curtain for Baby and Kids with Sun Protection Block Damage from Direct Bright Sunlight, and Heat - 1 Piece of Black Stars",‎Eosida Inc.,‎GgomaART,‎6.4 ounces,"‎27""L x 18.5""W",‎EW001,,‎EW001,B07R95Z6NJ,"May 1, 2019",1546,234,‎Black Star,"‎Minivan, Passenger Car, SUV, Pickup Truck",‎Fabric,‎Magnetic,‎China,,,,,,,,,,,,,,,,,
B08D28W3HL,"ggomaART Car Driver Window Sun Shade - Universal Reversible Magnetic Curtain for Driver and Passenger with Sun Protection Block Damage from Direct Bright Sunlight, and Heat - 1 Piece of Driver Mesh",‎Eosida Inc.,‎GgomaART,‎2.08 ounces,"‎18""L x 0.07""W",,,‎DW0001,B084D5RSQT,"January 30, 2020",106,32,‎Driver Mesh,"‎Minivan, Passenger Car, SUV, Truck, Pickup Truck",‎Plastic,‎Magnetic,,,,,,,,,,,,,,,,,,
B08D28W3HL,"ggomaART Car Driver Side Window Sun Shade - Universal Magnetic Full Cover Window Curtain for Camping, Privacy, Blackout Sun Protection Block Damage from Direct Sunlight and Heat - 2 Pieces of Mesh",‎ggomaART,‎GgomaART,‎13.1 ounces,"‎19.25""L x 32""W",,,,B0BBXVR3Y1,"August 25, 2022",0,0,‎FRONT WINDOW - 2 PIECES MESH,‎Passenger Car,‎Fabric,‎Tie,,,‎Blackout,,,,,,,,,,,,,,,
B08D28W3HL,"ggomaART Car Driver Side Window Sun Shade - Universal Magnetic Full Cover Window Curtain for Camping, Privacy, Blackout Block Damage from Direct Sunlight and Heat - 2 Pieces of Solid Black",‎ggomaART,‎GgomaART,‎9.1 ounces,"‎19.25""L x 32""W",,,,B0BBWRF131,"August 25, 2022",4,2,‎FRONT WINDOW - 2 PIECES OPAQUE BLACK,"‎Passenger Car, Van, Truck",‎Fabric,‎Tie,,,‎Blackout,,,,,,,,,,,,,,,
B08D28W3HL,"ggomaART Car Side Window Sun Shade - Universal Reversible Magnetic Curtain for Baby and Kids with Sun Protection Block Damage from Direct Bright Sunlight, and Heat - 1 Piece of Fire Truck",‎Eosida Inc.,‎GgomaART,‎5.7 ounces,"‎27""L x 18.5""W",,,‎EW007,B08DHHVTRT,"July 22, 2020",310,38,‎Fire Truck,"‎Minivan, Passenger Car, SUV, Pickup Truck","‎Polyester, Plastic",‎Magnetic,,,,,,,,,,,,,,,,,,
B08D28W3HL,"ggomaART Car Side Window Sun Shade - Universal Reversible Magnetic Curtain for Baby and Kids with Sun Protection Block Damage from Direct Bright Sunlight, and Heat - 1 Piece of Lion",‎Eosida Inc.,‎GgomaART,‎5.9 ounces,"‎27""L x 18.5""W",,,‎EW002,B07RC9PW29,"May 1, 2019",1004,162,‎Lion,"‎Minivan, Passenger Car, SUV, Pickup Truck",‎Fabric,‎Magnetic,,,,,,,,,,,,,,,,,,
B08D28W3HL,"ggomaART Car Side Window Sun Shade - Universal Reversible Magnetic Curtain for Baby and Kids with Sun Protection Block Damage from Direct Bright Sunlight, and Heat - 1 Piece of Solid Black",‎Eosida Inc.,‎GgomaART,‎6.4 ounces,"‎27""L x 18.5""W",,,‎EW006,B08D28W3HL,"July 15, 2020",973,129,‎Solid Black Cloth,"‎Minivan, Passenger Car, SUV, Pickup Truck",‎Polyester,‎Magnetic,,,,,,,,,,,,,,,,,,
B08D28W3HL,"ggomaART Car Side Window Sun Shade - Universal Reversible Magnetic Curtain for Baby and Kids with Sun Protection Block Damage from Direct Bright Sunlight, and Heat - 1 Piece of Unicorn",‎Eosida Inc.,‎GgomaART,‎5.9 ounces,"‎27""L x 18.5""W",,,‎EW004,B07XRWQPNN,"September 11, 2019",719,109,‎Unicorn,"‎Minivan, Passenger Car, SUV, Pickup Truck",‎Fabric,‎Magnetic,,,,,,,,,,,,,,,,,,
B07HYXZYMN,XL/Car Windows Sun Shades That Fit Most SUV -(Gold Mom's Choice Award® Winner 2023)- Mesh Shade Socks for Baby. Window Screens for Camping. Full Window Covers by Qualizzi™ 2-Pack,‎QUALIZZI,‎Qualizzi,‎7.2 ounces,"‎42""L x 0.01""W",‎5263445000,‎No,‎5263445000,B07HYXZYMN,"February 23, 2017",2282,554,‎Onyx,"‎Truck, All-Terrain Vehicles, Utility Vehicles, auto,, Recreational Vehicle, Corssover, MiniVans, Campers, Car, Sedan, 4x4, Semi-Truck, Crossback, Van,, SUV, Jeep, Crossroad, Car, Sedan, Pick-up,, Coche, carro, vehiculo, jeep, wrangler,","‎Nylon, Spandex, Lycra mesh, malla de lycra,","‎Elastic Rubber Band, Stretch-to-Fit, Storage bag with zipper",‎China,‎ParentQSunshades,"‎UVA Protection, proteccion ultravioleta, window sun shades for car baby,, Heat protection, proteccion al calor, suv window screen, slip-on, sunshade,, Bugs Protection, proteccion de bichos, suv window screens for camping,, Sunscreen protection, proteccion solar, car shades for side windows baby,, Privacy Protection, proteccion privacidad, suv window screens, sunshades,",,,,,,,,,,,,,,,
B07HYXZYMN,"XS/R Car Window Sun Shades for Small Windows 19""x37"" -(Gold Mom's Choice Award® Winner 2023) Car Shade Screens Over Door Sock Style for Driving or Camping by Qualizzi™ 2-Pack",‎Qualizzi Products,‎Qualizzi,‎5.3 ounces,"‎37""L x 19""W",‎ParentQSunshades,,‎SUNS-BLK-XS-R,B08JZG8X8M,"September 24, 2020",27,11,‎Black,"‎Small Car, Small SUV, Small Sedan, Mini",‎Nylon,‎Elastic Rubber Band,‎China,‎ParentQSunshades,"‎Sunscreen protection, Bugs Protection, UVA Protection, Privacy Protection, Heat protection",,,,,,,,,,,,,,,
B07HYXZYMN,"XS/C Car Window Sunshades for Baby Sun, UV, Heat, and Privacy Protection. -(Gold Mom's Choice Award® Winner 2023)- for Small Curved Side Windows by Qualizzi™2-Pack",‎Qualizzi Products,‎Qualizzi,‎5 ounces,"‎33""L x 16""W",‎SUNS-BLK-XS-C,,‎SUNS-BLK-XS-C,B08JZHMVJY,"September 24, 2020",29,9,‎Ink,‎Sedan,‎Spandex,‎Elastic Rubber Band,‎China,‎ParentQSunshades,"‎Sunscreen protection, Bugs Protection, UVA Protection, Privacy Protection, Heat protection",,,,,,,,,,,,,,,
B07HYXZYMN,S/R Car Window Sun Shades Stretchy Mesh Like a Sock. No Sun on Back Seat Window. Screen for Baby -(Gold Mom's Choice Award® Winner 2023)- Heat Protection by Qualizzi™2-Pack,‎Qualizzi Products,‎Qualizzi,‎7 ounces,"‎46""L x 33""W",‎ParentQSunshades,,‎SUN-XXL-NUEVO,B085GGF4W4,"January 8, 2020",79,18,‎Black,"‎Passenger Car, Minivan, Cruiser, Touring, SUV, Adventurer, Sedan, Pickup Truck",‎Spandex,‎Elastic Rubber Band,‎China,‎ParentQSunshades,"‎Sunscreen protection, Bugs Protection, UVA Protection, Privacy Protection, Heat protection",,,,,,,,,,,,,,,
B07HYXZYMN,M/Car Window Sun Shades for Baby -(Gold Mom's Choice Award® Winner 2023)- Back Seat Stretchy Mesh Sock Style Sun Shades for Side Windows by Qualizzi™2-Pack,‎Qualizzi Products,‎Qualizzi,‎4.5 ounces,"‎46""L x 33""W",‎SUNS-BCK-MEDIUM,‎No,‎SUNS-BLK-SM-REPE,B07FS8CGSV,"February 23, 2017",376,110,‎Ink,"‎Cars, Minivan, Small SUV, Crossover, Sedan, Pickup Truck",‎Spandex,‎Elastic Rubber Band,‎China,‎ParentQSunshades,"‎Sunscreen protection, Bugs Protection, UVA Protection, Privacy Protection, Heat protection",,,,,,,,,,,,,,,
B07HYXZYMN,"Car Sun Shade for Baby - Stretchy Mesh Fits Like a Sock, No Sun Leak on Back Seat Window, Sunscreen/Insect Screen Protects Your Child All Year, in Cabin Heat Reduction (M/Rect)",‎Qualizzi Products,‎Qualizzi,‎8.4 ounces,"‎46""L x 33""W",‎ParentQSunshades,,‎SUN-XXL-NUEVO,B086V7V86J,"January 8, 2020",132,28,‎Black,"‎Minivan, Cruiser, SUV, Jeep, Crossover, Pickup Truck",‎Spandex,‎Elastic Rubber Band,‎China,‎ParentQSunshades,"‎Sunscreen protection, Bugs Protection, UVA Protection, Privacy Protection, Heat protection",,,,,,,,,,,,,,,
B07HYXZYMN,L/Car Sun Shades That Fit Most SUV’s Windows. Sun UV Protection Window Screen for Babies -(Gold Mom's Choice Award® Winner 2023)- Car Privacy for Camping by Qualizzi™2-Pack,‎Qualizzi Products,‎Qualizzi,‎3.2 ounces,"‎42""L x 18""W",‎SUNS-BCK-MEDIUM,‎No,‎SUNS-BLK-LARGE,B07F3NN8YP,"June 22, 2014",821,255,‎Onyx,"‎SUV, Wagon, Crossover, Hatchback, Van, Minivan, Sedan",‎Stretchy Mesh,"‎Elastic Rubber Band, Stretch to Fit, Slip-ON",‎China,‎ParentQSunshades,"‎Sunscreen protection, Slip-on window shades for car, Bugs Protection, Privacy Protection, Heat protection, Se through, breathable, windows can roll down, UV protector, stay in place, no suction cups needed, no sun leakage, covers windows in full,",,,,,,,,,,,,,,,
B07HYXZYMN,XXL/Car Window Sun Shades for Big SUVs for Side Windows for Baby Sun Protection (Gold Mom's Choice Award® Winner 2023) Window Socks by Qualizzi™2-Pack,‎Qualizzi Products,‎Qualizzi,‎8.4 ounces,"‎42""L x 23""W",‎SUNS-BCK-MEDIUM,‎No,‎SUN-XXL-NUEVO,B07QM3CXJ7,"April 11, 2019",1074,239,‎Cool,"‎Minivan, Passenger Car, Van, SUV, Truck, Wagon, Hatchback, Crossover, Pickup Truck",‎Spandex,"‎Elastic Rubber Band, Stretch-to-Fit",‎China,‎ParentQSunshades,"‎Sunscreen protection, Bugs Protection, UVA Protection, Slip-On, Privacy Protection, Heat protection",,,,,,,,,,,,,,,
B07HYXZYMN,XXXL/Window Sun Shades for Trucks -(Gold Mom's Choice Award® Winner 2023)- Slip-On Truck Window Shade Socks for Side Windows. Universal Fit by Qualizzi™2-Pack,‎Qualizzi Products,‎Qualizzi,‎9.4 ounces,"‎46""L x 33""W",‎ParentQSunshades,‎No,‎SUN-XXL-NUEVO,B07VPMVD4H,"February 23, 2017",597,124,‎Onyx,"‎Recreational Vehicle, Corssover, MiniVans, Campers, Truck, All-Terrain Vehicles, Utility Vehicles,, Car, Truck",‎Spandex,‎Elastic Rubber Band,‎China,‎ParentQSunshades,"‎Bugs Protection, Extendable, very stretchy horizontally, sun protection, heat protection, Stretchy, washable, breathable, bugs protection,, Privacy Protection, Automotive interior sun protection,",,,,,,,,,,,,,,,‎Black mesh
B07HYXZYMN,"Front Side Window Car Sun Shade for SUV's/Windows Size 44""x17""-(Gold Mom's Choice Award® Winner 2023) Car Window Screen for Camping Qualizzi™ 2Pck",‎Qualizzi Products,‎Qualizzi,‎10.2 ounces,"‎44""L x 17""W",‎SUN-BLK-MCF,,‎SUN-BLK-MCF,B0C6L4LDQS,"May 29, 2023",1,1,‎Black,"‎SUV, Lexus,",‎Spandex,"‎Elastic Band, Stretch-to-Fit",‎China,‎Medium Curved Front,‎Car window screen for front windows,,,,,,,,,,,,,,,‎Matte
B07HYXZYMN,ML/Car Window Sun Shades for Big Cars & Small SUVs.-(Gold Mom's Choice Award® Winner 2023) Car Rear Mesh Window Screens. Car Travel with Kids by Qualizzi™2-Pack,‎Qualizzi Products,‎Qualizzi,‎6.1 ounces,"‎46""L x 33""W",‎SUNS-BCK-MEDIUM,‎No,‎SUN-XXL-NUEVO,B07T8SFBK9,"February 23, 2017",240,71,‎Jet,"‎Minivan, Van, SUV, Jeep, Crossover, Hatchback, Pickup Truck",‎Spandex,‎Elastic Rubber Band,‎China,‎ParentQSunshades,"‎Sunscreen protection, Bugs Protection, UVA Protection, Privacy Protection, Heat protection",,,,,,,,,,,,,,,
B07HYXZYMN,"Car Window Screen & Sun Shade for Baby. Fits Cars and SUV's Curved Side Windows 37""x14.5"" -(Mom's Choice Award® Winner 2023) Mesh Cover for Camping. Qualizzi™/2Pck",‎Qualizzi,‎Qualizzi,‎5.6 ounces,"‎37""L x 14.5""W",‎SUNS-BLK-MTR,,‎SUNS-BLK-MTR,B0C6L465XX,"May 29, 2023",0,0,‎Black,"‎SUVs, Lexus NX,",‎Spandex,‎Elastic Rubber Band,‎China,"‎Medium Tapered Rear, Black",‎Breathable,,,,,,,,,,,,,,,‎Matte
B07HYXZYMN,Qualizzi SM/R Car Window Shades for Side Windows up to 37in x 21in Sock Cover Style. Sun Protection for Kids Mesh.,‎Qualizzi Products,‎Qualizzi,‎7 ounces,"‎37""L x 21""W",‎ParentQSunshades,,‎SUNSH-BLACK-SMR,B095ZVVXNX,"May 27, 2021",21,6,‎Black,"‎Minivan, Cruiser, SUV, Wagon, Crossover, Hatchback, Sedan, Pickup Truck",‎Spandex,‎Elastic Rubber Band,‎China,‎ParentQSunshades,"‎Sunscreen protection, Bugs Protection, UVA Protection, Privacy Protection, Heat protection",,,,,,,,,,,,,,,
B07HYXZYMN,QUALIZZI SM/RL Car Window Shades for up to 38in x 22in Side Windows. Sock Cover Style. Sun Protection for Kids Mesh.,‎Qualizzi Products,‎Qualizzi,‎7.8 ounces,"‎38""L x 22""W",‎ParentQSunshades,,‎SUNSH-BLACK-SMRL,B0976HTNPB,"June 14, 2021",8,3,‎Ink,"‎Minivan, SUV, Square Windows, Pickup Truck",‎Nylon,"‎Heavy Duty Elastic Rubber Band, Snug Fit due to stretchable fabric, Stretch-to-Fit",‎China,‎SM/RL,"‎Stay in place while windows opened without losing protection., Transparent Mesh, Breathable and High Visibility., Sun & Heat protection. UV protection., Privacy Protection without losing outside view., Bugs Protection even with windows rolled down.",,,,,,,,,,,,,,,
B08J8G4SF8,"Magnelex Sock Style Car Window Shades for Baby – Block Sun Rays to Keep Passengers, Pets and Car Interior Cool and Comfortable – Elasticized Universal Mesh Car Shades Fit Most Vehicles (2 Pack)",‎OZNC Global Ithalat Ihracat Ltd. Sti.,‎Magnelex,‎8.1 ounces,,‎MG-SCS-01,‎No,‎MG-SCS-01,B08J8G4SF8,"September 16, 2020",3718,532,,,,,,,,,,,,,,,,,,,,‎7.09 x 6.61 x 3.03 inches,,
B09W9N1Z9S,"Car Rear Side Window Shade,2 Pack Super Stretchy Mesh Car Sun Shade Mosquito Net Curtains Screen for Most Cars SUVs, Anti-Sun Glare, Reduce UV Rays,Heat Reduction",‎Yayalovehomee,‎Yayalovehomee,‎7 ounces,"‎21""L x 43""W",‎0-1,,‎0-1,B09W9N1Z9S,"March 23, 2022",106,15,‎black,‎Passenger Car,‎Polyester mesh,‎Snap,,,,,,,,,,,,,,,,,,
B09W9N1Z9S,"Car Rear Side Window Shade,2 Pack Super Stretchy Mesh Car Sun Shade Mosquito Net Curtains for Most Cars SUVs, Anti-Sun Glare, Reduce UV Rays,Heat Reduction",‎Yayalovehomee,‎Yayalovehomee,‎7.4 ounces,"‎22""L x 46""W",‎0-1,,‎0-1,B09W9LK6FV,"March 23, 2022",10,2,‎black,"‎Passenger Car, Truck",‎Polyester mesh,‎Velcro,,,,,,,,,,,,,,,,,,
B08P2L9WHW,"RV Door Window Shade Cover, Sun Blackout Fabric for Camper Privacy Entrance (16 x 25 inch)",‎Safoner,‎Safoner,‎5.9 ounces,"‎25""L x 16""W",‎rvcover-002,,‎rvcover-002,B08P2L9WHW,"November 24, 2020",2976,386,‎Black,‎RV,‎Fabric,‎Velcro,‎China,,"‎blackout, heat insulation, sun protection",,,,,,,,,,,,,,,
B08P2L9WHW,"RV Door Window Shade Cover, Sun Blackout Fabric for Camper Privacy Entrance (16 x 25 inch)- 2 Packs",‎Safoner,‎Safoner,‎3.17 ounces,‎25 x 16 x 0.01 inches,‎rv window cover-02,,‎rv window cover-02,B09MD2PFLZ,"November 22, 2021",163,20,,,,,,,,,,,,,,,,,,,,,,
B08P2L9WHW,"RV Door Window Shade Cover, Sun Blackout Fabric for Camper Privacy Entrance (16 x 25 inch)- Brown",‎Safoner,‎Safoner,‎8.1 ounces,‎25 x 16 x 0.1 inches,‎rv window cover-003,,‎rv window cover-003,B093QYS99D,"April 29, 2021",354,56,,,,,‎China,,‎Blackout,,,,,,,,,,,,,,,
B07VV61DX9,"REACHTOP Car Window Shades, Car Window Shade for Baby, Car Window Screens, Car Sun Shade for Rear Window(2 Pack)",‎reachs,‎reachtop,‎7 ounces,"‎63""L x 29.5""W",‎Car Window Shade-Rear_2pc,,‎1601_Rear_2pc,B07VV61DX9,"July 30, 2019",4639,527,‎black,‎Passenger Car,‎Polyester,‎Slide,‎China,‎car shade,,,,,,,,,,,,,,,,
B07VV61DX9,REACHTOP Car Window Shade for Front Window Car Side Window Sun Shades Sunshade Car Window Screen Door Covers Mesh Sleeve (2 Pack),‎reachs,‎reachtop,‎2.46 ounces,"‎33.5""L x 19.7""W",‎r14011601_Front_2pc,,‎REAR-SIDE,B07VTQLNQK,"August 22, 2019",963,125,‎black,‎Passenger Car,‎Polyester,‎Slide,‎China,‎car shade,,,,,,,,,,,,,,,,
B07SRNXW51,"Car Front Window Sun Shade - 2 Pack Breathable Mesh Car Side Window Shade Sunshade UV Protection for Driver Family Pet on Front seat, Car Curtain with Two Holes to See Rearview Mirror",‎Beicarin,‎Beicarin,‎5.3 ounces,"‎25.59""L x 18.9""W",‎ZY-GT-01-for RV,,‎ZY-GT-01-for RV,B07SSNNXWK,"June 8, 2019",1270,194,"‎Silver,Black",‎Passenger Car,‎Spandex,"‎Elastic Material, Stretch to Fit",,,,,,,,,,,,,,,,,,
B07SRNXW51,"Front Car Window Sun Shade - 2 Pack Breathable Mesh Car Side Window Shade Sunshade UV Protection for Driver Family Pet on Front seat, Car Curtain with Two Holes to See Rearview Mirror Fit, Size M",‎Beicarin,‎Beicarin,‎5.3 ounces,"‎36""L x 20.7""W",,,‎ZY-QC-M,B093BLC2D9,"June 8, 2019",485,85,"‎Silver,Black",‎Passenger Car,‎Spandex,"‎Elastic Material, Stretch to Fit",,,,,,,,,,,,,,,,,,
B07SRNXW51,"Car Window Sun Shade Cover -2 Pack Breathable Mesh Car Rear Side Window Shade Sunshade UV Protection for Baby Kids Pet Size M, Mosquito Net Curtain Fit for Most(95%) of Cars, Cover Full Window",‎Beicarin,‎Beicarin,‎7 ounces,"‎39.5""L x 20.9""W",‎ZY-GT-03-M-for RV,,‎ZY-GT-03-M-for RV,B088PF4WZK,"June 8, 2019",1366,204,"‎Silver,Black","‎Passenger Car, Truck",‎Spandex,"‎Elastic Material, Stretch to Fit",,,,,,,,,,,,,,,,,,
B07SRNXW51,"Car Window Shades for Baby - 2 Pack Sun Shade Blocker, Breathable Mesh Car Rear Side Window Shade Sunshade for SUV, UV Protection for Baby Family Pet, Mosquito Bug Net Car Window Screens for Camping",‎Beicarin,‎Beicarin,‎7.8 ounces,"‎40""L x 24.6""W",‎ZY-GT-02-for RV,,‎ZY-GT-02-for RV,B07SRNXW51,"February 22, 2020",4244,535,‎Black,‎Passenger Car,‎Spandex,"‎Elastic Material, Stretch to Fit",‎China,,,,,,,,,,,,,,,,,
B092VB8RWW,Tesla Model 3 Sunshade Model 3 Accessories Glass Roof Sunshade Sunroof Rear Window Sunshade Compatible for Tesla Model 3 2023 2022 2021 Sunshade with Skylight Reflective Covers(4 of Set),‎SUMK,‎SUMK,‎2.05 pounds,"‎26""L x 1.5""W",‎CARSUN08,,‎CARSUN08,B092VB8RWW,"April 15, 2019",423,142,‎2022 version,‎Tesla model 3,‎Nonwovens,‎Clips,,,,,,,,,,,,,,,,,,
B0B6J4KPHB,"Car Window Shade, Car Roller Sunshade for Baby, Retractable Car Window Shade for Side Window, Car Sun Shade Helps Block Sun Glare and Heat (2 Pack)",‎Laptom Max,‎Laptom Max,‎1.08 pounds,"‎23.6""L x 15.7""W",‎ZYL-New,,‎ZYL-New,B0B6J4KPHB,"February 23, 2022",508,388,‎black,"‎Passenger Car, Truck",‎Plastic,"‎Button,One,Adjustable,Roller,Foldable",,,,,,,,,,,,,,,,,,
B0BB1Y8PZL,"Proadsy Front Windshield Sun Shade Foldable Sunshade Protector Custom Fit 2023-2010 4Runner 4-Runner SUV, SR5 Trail Limited Accessories 2023 Upgrade",‎Proadsy,‎Proadsy,‎9.5 ounces,,‎Toyota 4Runner,,‎JX-6BJR-VITC,B096Z8W3BC,"June 29, 2021",599,119,,,,,‎China,‎Toyota 4Runner,,,,,,,,,,,,,,‎13.07 x 10.71 x 2.68 inches,,
B0BB1Y8PZL,Proadsy Window Sun Shade for 4Runner 2010-2023 Side Window for Baby/Camping UV Rays and Privacy Protect Upgrade Accessories Set of 7,‎Proadsy,‎Proadsy,‎1.65 pounds,,‎PRS220,,‎PRS220,B0BB1Y8PZL,"August 18, 2022",9,8,,,,,‎China,‎Window Sun Shade for 4Runner,"‎According to the original vehicle design and provide 4Runner secure private space. Certified sunshades in the market have proven to block UVR. Easy to install and fold, with a storage bag to store.",,,,,,,,,,,,,‎22.5 x 17.5 x 0.2 inches,,‎Dual-Layer black lining
B09X2H9971,"Proadsy Front Windshield Sun Shade Foldable Sunshade Protector Custom Fit 2013-2018 RAV4 SUV Crossover, LE XLE Premium Limited XSE Hybrid Adventure Accessories 2023 Upgrade",‎Proadsy,‎Proadsy,‎10.8 ounces,"‎0.1""L x 0.1""W",‎Toyota RAV4,,‎PRS076-1,B09DPSYV9T,"September 4, 2021",21,7,‎Silver,‎Toyota RAV4,‎Alloy Steel,‎Foldable,,,,,,,,,,,,,,,,,,
B09X2H9971,"Proadsy Front Windshield Sun Shade Foldable Sunshade Protector Custom Fit 2023 2022 2021 2020 2019 RAV4 SUV Crossover, LE XLE Premium Limited XSE Hybrid Adventure Accessories 2023 Upgrade",‎Proadsy,‎Proadsy,‎12 ounces,,‎TO-FGVM-I6JO,,‎TO-FGVM-I6JO,B096Z7VT1F,"June 29, 2021",677,165,,,,,‎China,‎RAV4 Sunshade,,,,,,,,,,,,,,‎12.99 x 12.09 x 2.05 inches,,
B09X2H9971,Proadsy Window Shades for Rav4 2019-2023 Side Windows Rear Windshield Triangular Window Sunshade for Baby/Camping Sun UV Rays and Privacy Protection Set of 7,‎Proadsy,‎Proadsy,‎1.43 pounds,,‎PRS174,,‎TO-FGVM-I6JO,B09X2H9971,"September 16, 2021",28,14,,,,,,‎Rav4 Side Windows Shade,,,,,,,,,,,,,,‎22.4 x 18.19 x 3.43 inches,,
B08MV858K9,"CARAMAZ Car Window Shade for Baby with Certified UV-Protection 2 Pack - 20""x12""",,,‎6.4 ounces,‎20 x 12 x 0.01 inches,‎5,,,B07SVLPQG1,,851,92,,,,,,,,,,,,,‎2,,‎No,,,,,,,,‎Dry Clean Only
B08MV858K9,"CARAMAZ Car Sun Shade for Baby with Certified UV-Protection (2 Pack - 20""x12"")",,,‎6.4 ounces,‎20 x 12 x 0.01 inches,‎Ele1,,,B081P8GVZJ,,439,37,,,,,,,,,,,,,,,‎No,,,,,,,,‎Dry Clean Only
B08MV858K9,"CARAMAZ Car Window Shade for Baby with Certified UV-Protection 2 Pack - 20""x12"" OPTIDARK",,,‎5.3 ounces,‎20 x 12 x 0.01 inches,‎NeoU21,,,B08MV77369,,347,28,,,,,,,,,,,,,‎1,,‎No,,,,,,,,
B08MV858K9,"CARAMAZ Car Window Shade for Baby with Certified UV-Protection 2 Pack - 20""x12"" OPTIDARK",,,‎6.4 ounces,‎20 x 12 x 0.01 inches,‎TurtleU21,,,B08MV858K9,,1860,198,,,,,,,,,,,,,‎2,,‎No,,,,,,,,‎Dry Clean Only
B08MV858K9,"CARAMAZ Car Window Shade for Baby with Certified UV-Protection 2 Pack - 20""x12"" OPTIDARK",,,‎7 ounces,‎20 x 12 x 0.01 inches,‎Safari_US,,,B07W4BMBCD,,635,68,,,,,,,,,,,,,‎1,,‎No,,,,,,,,
B08MV858K9,"CARAMAZ Car Window Shade for Baby with Certified UV-Protection 2 Pack - 20""x12""",,,‎5.9 ounces,‎20 x 12 x 0.01 inches,‎13,,,B07W5FDVCX,,857,82,,,,,,,,,,,,,‎2,,‎No,,,,,,,,‎Dry Clean Only
B085NS3MPG,"GOLDFLOWER Car Window Shade, 2 Pack Car Back Window Sun Shade, and Privacy Protect for Toddler Kids Baby Adult, Double Layer Design (Medium 39""x19"")",‎GOLDFLOWER,‎GOLDFLOWER,‎4.6 ounces,"‎39.4""L x 19.7""W",‎REAR-SIDE,,‎REAR-SIDE,B085NS3MPG,"May 7, 2021",7258,1029,‎Black,‎Car,"‎Polyester, Nylon",‎Snap,‎China,,"‎Car window shade for baby, Car camping, Car window screen, Automotive window sunshades, Car sun shade",,,,,,,,,,,,,,,,
B085NS3MPG,"GOLDFLOWER Car Window Shade, 2 Pack Car Back Window Sun Shade, and Privacy Protect for Toddler Kids Baby Adult, Double Layer Design (Large 49""x22"")",‎GOLDFLOWER,‎GOLDFLOWER,‎7.4 ounces,"‎49""L x 22""W",‎REAR-SIDE,,‎REAR-SIDE,B09878PJ58,"July 6, 2021",793,146,‎Black,‎Passenger Car,"‎Polyester, Nylon","‎Adjustable,Foldable",‎China,,"‎Car window shade for baby, Car camping, Car window screen, Automotive window sunshades, Car sun shade",,,,,,,,,,,,,,,,
B0BQDL42YJ,"Car Window Shades, 2 Pack Car Side Window Sun Shades, UV Protection Breathable Mesh Baby Window Covers, Universal Fit Most (99%) of Cars, Privacy Protect for Kids,Family,Pets,Tints (27.2""x39.8"")",‎PEMOTech,‎PEMOTech,‎10.9 ounces,‎39.8 x 27.2 x 0.01 inches,‎PEMO113-0084-01,,‎PEMO113-0084-01,B0BQDL42YJ,"December 17, 2022",96,33,,,,,‎China,‎PEMO113-0084-01,,,,,,,,,,,,,,,,,
B0BQDL42YJ,"PEMOTech Car Window Shades for Baby, 2 Pack Breathable Mesh Side Car Window Sun Shade, UV Protection Car Window Covers, fit Large SUV, Pickup, Truck, Minivan (31.5""x47.2"")",‎PEMOTech,‎PEMOTech,‎11.3 ounces,"‎47.2""L x 31.5""W",‎113-0083-01,,‎MOTech113-AAB0083-BBC01-DE-FBA,B0BSF45TJY,"January 16, 2023",9,3,‎Black,"‎Minivan, Large SUV, Pickup, Truck",‎Spandex,‎Drawstring,‎China,‎01,"‎Foldable, Breathable",,,,,,,,,,,,,,,,
B0BYJWC28S,"2Pack Mesh Car Window Cover 34"" to 43"", Window Screen Side Window Car Sun Shade for Car Camping Overnight Sleeping Baby Feeding, Fit for Most Cars SUVs Trucks",‎SOULIAN,‎Soulian,‎6.7 ounces,,‎SL01-90,,‎SL01-90,B0BYJTZBDS,"March 15, 2023",21,19,,,,,‎China,‎M,,,,,,,,,,,,,,‎8.07 x 7.28 x 2.24 inches,,,
B0BYJWC28S,"2Pack Front Car Window Screen Mesh Cover up to 40"", Car Sunshade Anti-UV Rays, Privacy Shade Car Camping Net for Ventilation",‎SOULIAN,‎Soulian,‎7.4 ounces,,‎SL01-F,,‎SL01-F,B0C38D91PB,"April 22, 2023",3,2,,,,,‎China,‎Front Window Cover,,,,,,,,,,,,,,‎6.81 x 4.02 x 2.13 inches,,,
B0BYJWC28S,"2Pack Large Car Window Screen Mesh 41"" to 53"", for Large SUV, Pickup, Truck, Minivan, Car Window Sun Shade for Car Camping Overnight Sleeping",‎SOULIAN,‎Soulian,‎9.1 ounces,‎53 x 41 x 0.1 inches,‎L,,‎SL01-105,B0BYJVKPZJ,"March 15, 2023",22,14,,,,,‎China,‎L,,,,,,,,,,,,,,,,,
B0BYJWC28S,"2Pack Car Window Screen 27"" to 35"", Sun Shade for Car Ventilation Car Privacy Cover Mesh Net Car Window Cover, fit for Cars Small Windows",‎SOULIAN,‎Soulian,‎5.9 ounces,,‎SL01-80,,‎SL01-80,B0BYJX7YNG,"March 15, 2023",5,4,,,,,‎China,‎S,,,,,,,,,,,,,,‎7.99 x 7.36 x 2.64 inches,,,
B0BYJWC28S,"2 Packs Mesh Car Window Screen for MPV Sliding Door,Single Layer Sunshade for Large Square Car Truck Windows",‎SOULIAN,‎Soulian,‎9.9 ounces,,‎SL02-HD,,‎SL02-HD,B0BYJWC28S,"March 15, 2023",9,8,,,,,‎China,‎Sun shade for Sliding Door,,,,,,,,,,,,,,‎6.89 x 4.06 x 2.4 inches,,,
B075STD2JK,"aokway Car Side Window Sun Shade, Universal Magnetic Curtain for Baby and Kids with Sun UV Protection, Reduce Damage from Direct Bright Sunlight and Heat 2pcs (Black-Front Mesh)",‎aokway,‎aokway,‎4.6 ounces,"‎23.62""L x 19.69""W",,‎No,‎AKW-17,B08HCQG5W9,"August 1, 2017",223,33,‎black,‎All of the above,‎Polyester,‎Magnetic,,,,,,,,,,,,,,,,,,,
B075STD2JK,aokway Side Window Sunshade Sun Shade for Car Window Double Thickness Auto Windshield Sunshades Curtain Universal Fit for Driver for Baby UV Protection 2 Pack,‎aokway,‎aokway,‎4.5 ounces,"‎31.5""L x 19.7""W",‎5864181133,‎No,‎AKW-17,B074GSHH2H,"August 1, 2017",2108,503,‎blue,‎Passenger Car,‎Polyester,‎Magnetic,,,,,,,,,,,,,,,‎manual,,,,
B075STD2JK,"aokway Car Side Window Sun Shade, Universal Magnetic Curtain for Baby and Kids with Sun UV Protection, Reduce Damage from Direct Bright Sunlight and Heat(Back Seat)",‎aokway,‎aokway,‎5.9 ounces,"‎30.7""L x 19.68""W",,‎No,‎AKW-17,B07G12HV1B,"August 1, 2017",371,58,‎black,‎All of the above,‎Polyester,‎Magnetic,,,,,,,,,,,,,,,,,,,
B075STD2JK,aokway Car Sun Shade Car Window Shade Double Thickness Rear Side Window Auto Sunshades Universal Fit for rv Truck for Baby UV Protection 2 Pack,‎aokway,‎aokway,‎4.8 ounces,"‎30.7""L x 19.7""W",,‎No,‎AKW-17,B074GL7ZS9,"August 1, 2017",587,109,‎blue,"‎Passenger Car, Truck",‎Polyester,‎Magnetic,,,,,,,,,,,,,,,,,,,
B075STD2JK,"aokway Car Side Window Sun Shade, Universal Magnetic Curtain for Baby and Kids with Sun UV Protection, Reduce Damage from Direct Bright Sunlight and Heat 4 pcs",‎aokway,‎aokway,‎9.6 ounces,"‎24.4""L x 13.78""W",,,‎AKW-17,B07PX974VJ,"March 19, 2019",484,80,‎black,‎Passenger Car,‎Polyester,‎Magnetic,,,,,,,,,,,,,,,,,,,
B075STD2JK,"aokway Car Sun Shade, Rear Front Window Shade Side Window Sunshade Baby 4pcs",‎aokway,‎aokway,‎9.1 ounces,"‎31.5""L x 19.69""W",,‎No,‎AKW-17,B075STD2JK,"August 1, 2017",2766,547,‎blue,‎SUV,‎Polyester,‎Magnetic,,,,,,,,,,,,,,,,,,,
B09N6TD72G,"EcoNour Magnetic Side Window Sunshade (2 Pack) | Car Window Shades for Baby Block Sunlight & Keep Your Car Cooler | Universal Car Shades for Front Windows with Privacy Blackout | Black, 24 x 19 Inches",‎EcoNour,‎EcoNour,‎4.6 ounces,"‎30""L x 18""W",,,‎XXECOFRNTMAGBLK2P,B09N6HZFXW,"February 8, 2022",93,14,‎Black,"‎Passenger Car, Van, SUV",‎Mesh,‎Magnetic,,,"‎Easy to Use, Easy to Fold, Compact to Store",,,,,,,,,,,,,,,,
B09N6TD72G,EcoNour Magnetic Side Window Sunshade (2 Pack) | Kids Car Window Shade Blocks Sunlight & Keeps Your Car More Cooler | Universal Car Shade for Front Windows with Privacy Blackout | 32.5 x 19.5 Inches,‎EcoNour,‎EcoNour,‎5 ounces,"‎34""L x 18""W",,,‎XXECOFRNTMAGBLU2P,B09N712RFB,"February 8, 2022",35,8,‎Blue,"‎Passenger Car, Van, SUV",‎Polyester,‎Magnetic,,,"‎Effortless installation, Easy to Fold, Compact to Store",,,,,,,,,,,,,,,,
B09N6TD72G,"EcoNour Magnetic Side Window Sunshade (2 Pack) | Rear Window Sunshades for Car Blocks Sunlight & Keeps Your Car Cooler | Baby Car Window Shades Ensure Privacy Protection | Black,30 x 19.5 Inches",‎EcoNour,‎EcoNour,‎6.4 ounces,"‎30""L x 19.5""W",,,‎ECOREARMAG2BLK2P,B09N77FV1W,"February 9, 2022",76,10,‎Black,"‎Passenger Car, Van, SUV",‎Mesh,‎Magnetic,,,"‎Effortless Installation, Easy to Fold",,,,,,,,,,,,,,,,
B09N6TD72G,EcoNour Magnetic Side Window Sunshade (2 Pack) | Kids Car Window Shade Blocks Sunlight & Keeps Your Car More Cooler | Universal Rear Window Sunshade for Car with Privacy Blackout | 30.5 x 18.5 Inches,‎EcoNour,‎EcoNour,‎10.1 ounces,"‎29""L x 17""W",,,‎ECOREARMAGBLU2P,B09N6ZWLJD,"February 8, 2022",10,3,‎Blue,"‎Passenger Car, Van, SUV, Truck",‎Polyester,‎Magnetic,,,"‎Easy to Use, Lightweight and Compact",,,,,,,,,,,,,,,,
B09N6TD72G,EcoNour Magnetic Car Side Window Sunshade (4 Pack) | Baby Car Window Shade sunscreen Block Sunlight | Car Front and Rear Sun Shade for window privacy Blackout | Side Windows Sun Protection Accessories,‎EcoNour,‎EcoNour,‎9.9 ounces,"‎24""L x 19""W",,,‎ECOMAGBLK4P,B09N6TD72G,"February 15, 2022",330,46,‎Black,"‎Passenger Car, Van, SUV",‎Mesh,‎Magnetic,,,"‎Effortless Installation, Easy to Use",,,,,,,,,,,,,,,,
B09N6TD72G,EcoNour Magnetic Side Window Sunshade (4 Pack) | Car Window Shade for Baby Blocks Direct Sunlight and Keeps Your Car Cool | Car Accessories for Kids Ensure Privacy Protection | Blue,‎EcoNour,‎EcoNour,‎9.6 ounces,"‎32.5""L x 19.5""W",,,‎XECOMAGBLU4P,B09N6P8BYH,"February 15, 2022",123,28,‎Blue,"‎Passenger Car, Van, SUV",‎Polyester,‎Magnetic,,,"‎Simple Installation, Compact, Easy to Fold",,,,,,,,,,,,,,,,
B0104OFF7E,"Car Sun Shades for Side and Rear Window (4 Pack) - Car Sunshade Protector - Protect your kids and pets in the back seat from sun glare and heat. Blocks over 98% of harmful UV Rays - Easy to Install,",‎Veneev,‎veneev,‎1.4 ounces,‎4.32 x 7 x 1.5 inches,‎3191817,‎No,‎3191817,B0104OFF7E,"June 21, 2015",8612,4827,,,,,,‎sidewindow,,,,,,,,,,,,,,,,,
B0BNB4C2TX,"2 PCS Car Side Window Sun Shades, Back Seat Window Sunshades Privacy Curtains, 100% Block Light for Breastfeeding, Taking a nap, Changing Clothes, Camping，Universal for Car SUV Truck",‎Ouzorp,‎Ouzorp,‎3.2 ounces,"‎31.1""L x 18.9""W",‎LY-180,,‎LY-180,B0BNB4JGZZ,"November 25, 2022",26,11,‎Back Seat 2pcs,"‎Passenger Car, Truck","‎Polyester, Alloy Steel, Metal",‎Snap,‎China,‎SUN SHADE,,,,,,,,,,,,,,,,,
B0BNB4C2TX,"2 PCS Car Side Window Sun Shades, Front Seat Window Sunshades Privacy Curtains, 100% Block Light for Breastfeeding, Taking a nap, Changing Clothes, Camping，Universal for Car SUV Truck",‎Ouzorp,‎Ouzorp,‎0.634 ounces,,‎LY-179,,‎LY-179,B0BNB4C2TX,"November 25, 2022",83,32,,,,,‎China,‎Sun Shades,,,,,,,,,,,,,,‎10.08 x 8.23 x 0.51 inches,,,
B083K73NJW,"YAADUO Car Sun Shade Side Window for Baby, Retractable Car Roller Shades for Side Window Blocks Harmful Sun Glare and Heat",‎YAADUO,‎YAADUO,‎1.03 pounds,‎18.11 x 15.75 x 0.01 inches,‎JAD-WS-01,,‎JAD-WS-01,B083K73NJW,"January 7, 2020",1649,163,,,,,‎China,‎side window shades for car,,,,,,,,,,,,,,,,,
B083K73NJW,"YAADUO Large Car Sun Shade for Baby, Retractable Car Roller Shades for Side Window Blocks Harmful Sun Glare and Heat for SUV Truck 18''x20''",‎YAADUO,‎YAADUO,‎1.21 pounds,"‎20""L x 18""W",‎JAD-WS-02,,‎JAD-WS-02,B09VL433M6,"March 15, 2022",91,16,"‎Silver,Black",‎Passenger Car,‎Pvc,"‎Button,One,Roller",,‎side window shades for car,,,,,,,,,,,,,,,,,
B083K73NJW,"YAADUO Car Sun Shade for Baby, Retractable Car Roller Shades for Side Window Blocks Harmful Sun Glare and Heat for SUV Truck (XL)",‎YAADUO,‎YAADUO,‎1.29 pounds,,‎Sun shades for car,,‎Sun shades for side window baby,B0C462S267,"May 3, 2023",0,0,,,,,,‎side window shades for car,,,,,,,,,,,,,,‎20 x 4.15 x 2 inches,,,
B0BWJ66BNF,"for Tesla Model 3 Side Window Sunshade - 6 Pieces Camping Privacy Shade Set, Upgraded 4 Layers UV Blocker Car Window Sun Shade for Model 3 Accessories 2016-2023",‎WDG,‎WDG,‎1.35 pounds,,‎OTO-06,,‎OTO-06,B0BTYVDGHT,"February 6, 2023",2,2,,,,,‎China,,,,,,,,,,,,,,,‎30 x 18 x 1.8 inches,,,
B0BWJ66BNF,"for Tesla Model Y Side Window Sunshade - 7 Pieces Camping Privacy Shade Set, Upgraded 4 Layers UV Blocker Car Window Sun Shade for Model Y Accessories 2019-2023",‎WDG,‎WDG,‎1.95 pounds,,‎OTO-05,,‎OTO-05,B0BTYV68WP,"February 6, 2023",9,3,,,,,‎China,,,,,,,,,,,,,,,‎31.3 x 19 x 0.2 inches,,,
B0BWJ66BNF,"for Tesla Model 3 Roof Sunshade - Upgrade 3.0 Top Window Sun Shades for 2021-2023 Tesla 3 Accessories, Effectively Heat Insulation Sun Blocking, Set of 2",‎WDG,‎WDG,‎2.35 pounds,‎40.55 x 28.74 x 0.08 inches,‎WDG OTO-T-08,,‎WDG OTO-T-08,B0BWJ94K2Q,"March 3, 2023",13,10,,,,,‎China,,,,,,,,,,,,,,,,,,
B0BWJ66BNF,"for Tesla Model Y Roof Sunshade - Upgrade 3.0 Top Window Sun Shades for 2019-2023 Tesla Y Accessories, Effectively Heat Insulation Sun Blocking, Set of 2",‎WDG,‎WDG,‎2.35 pounds,‎43.31 x 25.6 x 0.12 inches,‎for Tesla Model Y,,‎OTO-07,B0BWJ66BNF,"March 3, 2023",8,3,,,,,‎China,,,,,,,,,,,,,,,,,,
B0BWJ66BNF,for Tesla Windshield Sunshade for Model 3/Y - 4 Layers Car Window Sun Shade for Tesla Model Y Model 3 Accessories 2016-2023,‎WDG,‎WDG,‎15.2 ounces,,‎T002,,‎OTO-04,B0BTT1V3CQ,"February 3, 2023",83,45,,,,,‎China,,,,,,,,,,,,,,,‎13.11 x 12.09 x 3.74 inches,,,
B09N6PM1BY,"EcoNour Magnetic Car Side Window Sun Shade (1 Pack) | Rear Window Sunshade for Car Blocks UV Rays | Baby Car Shades for Side Windows Ensures Privacy Protection | Baby Car Travel Accessories (26""x19"")",‎EcoNour,‎EcoNour,‎5 ounces,"‎26""L x 19""W",,,‎ECOREARMAGBLK1P,B09N6M6MDP,"February 9, 2022",133,15,‎Black - 1 Pcs,"‎Passenger Car, Van, Truck",‎Mesh,‎Magnetic,‎China,,"‎Effortless Installation, Lightweight Material",,,,,,,,,,,,,,,,
B09N6PM1BY,"EcoNour Magnetic Car Side Window Sun Shade (2 Pack) | Rear Window Sunshade for Car Blocks UV Rays | Baby Car Shades for Side Windows Ensures Privacy Protection | Baby Car Travel Accessories (26""x19"")",‎EcoNour,‎EcoNour,‎9.9 ounces,"‎26""L x 19.5""W",,,‎ECOREARMAGBLK2P,B09N6PM1BY,"February 9, 2022",184,32,‎Black - 2 Pcs,"‎Passenger Car, Van, SUV",‎Mesh,‎Magnetic,,,"‎Effortless Installation, Easy to Use",,,,,,,,,,,,,,,,
B09N6PM1BY,EcoNour Car Driver Front Window Sun Shade | Magnetic Window Curtain Protects from Harmful Sun Rays for Drivers | Side Window Screen Sunshade for Cars Prevents Sun Damage | Black (1-Piece),‎EcoNour,‎EcoNour,‎1.13 ounces,"‎18.5""L x 10""W",‎EcoSideMagFront1P,,‎EcoSideMagFront1P,B09XTKQXGN,"June 21, 2022",20,9,‎Black -1 Pcs - Small,‎Passenger Car,‎Mesh Fabric,‎Roll Up,‎China,,"‎Durable Magnets, Effortless Installation, Easy to Use, Strong Suction Cup",,,,,,,,,,,,,,,,
B09N6PM1BY,"EcoNour Magnetic Car Shades for Side Windows Baby | Car Window Shade for Baby with Heat, Glare & UV Protection | Rear Window Sunshade for Car | Baby Car Travel Accessories - 2 Piece (26x19 Inches)",‎EcoNour,‎EcoNour,‎9.1 ounces,"‎26""L x 19""W",‎ECOREARMAGBW2P,,‎ECOREARMAGBW2P,B09N6VKBB7,"February 10, 2022",43,11,‎White - 2 Pcs,"‎Passenger Car, Van, SUV",‎Polyester,‎Magnetic,‎China,,"‎Compatible and Lightweight, Easy to Use",,,,,,,,,,,,,,,,
B09N6PM1BY,"EcoNour Magnetic Car Side Window Sun Shade for Baby | Car Sun Shade for Window with Heat, Glare & UV Protection | Baby Car Window Shades Ensures Privacy Protection | 1 Piece (26 x 19 Inches)",‎EcoNour,‎EcoNour,‎4.8 ounces,"‎26""L x 19""W",‎ECOREARMAGBW1P,,‎ECOREARMAGBW1P,B09N76DP7M,"February 9, 2022",52,9,‎White -1 Pcs,"‎Passenger Car, Van, SUV",‎Polyester,‎Magnetic,‎China,,"‎Compatible and Lightweight, Easy to Use",,,,,,,,,,,,,,,,
B07Y3YG8PC,"Car Window Shade for Baby - (4 Pack) - XL - 25"" x 16"" - Cling Car Sun Shade for Windows - Sun, Glare and UV Rays Protection for Your Child -Car Window Shades for Side Window by Enovoe",‎Enovoe,‎Enovoe,‎9.9 ounces,"‎25""L x 16""W",‎=,,‎CS2516-004,B07Y3YG8PC,"September 19, 2019",1095,136,‎Black,"‎Passenger Car, Camper, Bus, Van, All terrain Vehicles, Truck, Aircraft","‎Mesh, Fabric",‎Roll Up,,,,,,,,,,,,,,,,,,,
B0BW5QFSR2,"LoyaForba 2Pcs Car Window Shade, Zipper Breathable Side Sun Mesh, Auto Stretchy Front Rear Curtain Sun Rays Cover Screen for Baby, Universal Vehicle Camping Privacy Protection (Front/33.5''×20.5'')",‎LoyaForba,‎LoyaForba,‎8.6 ounces,"‎20.3""L x 33.5""W",‎Car Window Shade,,‎LoyaForba-Soft Leather Wheel Cover,B0BW5QFSR2,"February 18, 2023",37,16,‎Black,"‎Passenger Car, Truck",‎Polyester,‎Zipper,,‎Car Window Shade,‎Stretchy,,,,,,,,,,,,,,,‎Machined,
B0BW5QFSR2,"LoyaForba 2Pcs Car Window Shade, Zipper Breathable Side Sun Mesh, Auto Stretchy Front Rear Curtain Sun Rays Cover Screen for Baby, Universal Vehicle Camping Privacy Protection (Rear/35.4''×20.5'')",‎LoyaForba,‎LoyaForba,‎8.8 ounces,"‎35.4""L x 20.5""W",‎Car Window Shade,,‎LoyaForba-Soft Leather Wheel Cover,B0BW5PCNH9,"February 18, 2023",13,0,‎Black,"‎Passenger Car, Truck",‎Polyester,‎Zipper,,‎Car Window Shade,‎Stretchy,,,,,,,,,,,,,,,‎Machined,
B08C2B3KLC,"Munchkin® Brica® Stretch to Fit™ Car Window Sun Shade, Helps Block UVA/UVB Rays",,,‎8.5 ounces,‎6.5 x 1.75 x 8 inches,‎61429,,,B08C2B3KLC,,2486,318,,,,,,,,,,,,,‎1,,‎No,‎China,,,,,,,"‎Wipe with clean, damp cloth. Do not bleach. Air dry."
B07RLB8VJ4,ZATOOTO 2 Pcs Rear Window Covers - Car Side Window Sun Shades - Privacy Magnetic Reflected Sunlight Protection for Baby Child Sleeping,‎Rear-1,‎ZATOOTO,‎4.8 ounces,"‎30.8""L x 19""W",‎Rear-1,,‎Rear-1,B07RLZ3BY1,"May 7, 2019",168,23,‎Back-1,"‎Minivan, Passenger Car, Golf Cart, Van, SUV, Truck, Pickup Truck",‎PET water spurs cotton cotton,‎Roll Up,‎China,,‎Extendable,,,,,,,,,,,,‎manual,,,"‎Mechanical processing, Manual sewing process",
B07RLB8VJ4,ZATOOTO Car Window Sun Shades Covers - 4 Pcs Magnetic Privacy Side Sunshades Blackout Auto Camping Curtains Accessories for Sleeping Family and Women Men Kids Baby,‎magnet,‎ZATOOTO,‎10.6 ounces,"‎30.8""L x 19""W",‎magnet,,‎magnet,B07RLB8VJ4,"May 9, 2019",2478,379,‎Front Back-4,"‎Minivan, Passenger Car, Golf Cart, Bus, Van, ATV, SUV, Truck",‎PET water spurs cotton cotton,‎Magnetic,,,‎Extendable,,,,,,,,,,,,‎manual,,,"‎Mechanical processing, Manual sewing process",
B0C1MQ924K,Moyidea Car Side Window Sun Shade for Baby and Kids Back Seat Magnetic Curtain Protect from Sun Heat and UV Rays Fordable Car Window Covers for Privacy Protection -Black 1PC,‎Moyidea,‎Moyidea,‎2.89 ounces,"‎26.5""L x 19""W",‎CDBLACK-01,,‎CDBLACK-01,B0BZH43WW7,"March 24, 2023",1,0,‎Back Seat-Black 1PC,"‎Passenger Car, MPV, Car, SUV, Pickup, Sedan",‎Fabric,‎Magnetic,,,,,,,,,,,,,,,,,,,
B0C1MQ924K,Moyidea Car Side Window Sun Shade for Baby and Kids Back Seat Magnetic Curtain Protect from Sun Heat and UV Rays Fordable Car Window Covers for Privacy Protection -Black 2PCS,‎Moyidea,‎Moyidea,‎6.4 ounces,"‎26.5""L x 19""W",‎CDBLACK-02,,‎CDBLACK-02,B0BZH3PP6C,"March 24, 2023",20,19,‎Back Seat-Black 2PCS,"‎Passenger Car, MPV, Car, SUV, Pickup, Sedan",‎Fabric,‎Magnetic,,,,,,,,,,,,,,,,,,,
B0C1MQ924K,Moyidea Car Side Window Sun Shade for Baby and Kids Back Seat Magnetic Curtain Protect from Sun Heat and UV Rays Fordable Car Window Covers for Privacy Protection -Star 1PC,‎Moyidea,‎Moyidea,‎2.89 ounces,"‎26.5""L x 19""W",‎CDSTAR-01,,‎CDSTAR-01,B0BZH4843C,"March 24, 2023",1,1,‎Back Seat-Star 1PC,"‎Passenger Car, MPV, Car, SUV, Pickup, Sedan",‎Fabric,‎Magnetic,,,,,,,,,,,,,,,,,,,
B0C1MQ924K,Moyidea Car Side Window Sun Shade for Baby and Kids Back Seat Magnetic Curtain Protect from Sun Heat and UV Rays Fordable Car Window Covers for Privacy Protection -Star 2PCS,‎Moyidea,‎Moyidea,‎6.4 ounces,"‎26.5""L x 19""W",‎CDSTAR-02,,‎CDSTAR-02,B0BZH3YTLL,"March 24, 2023",3,3,‎Back Seat-Star 2PCS,"‎Passenger Car, MPV, Car, SUV, Pickup, Sedan",‎Fabric,‎Magnetic,,,,,,,,,,,,,,,,,,,
B0C1MQ924K,Moyidea Car Side Window Sun Shade Front Seat Magnetic Curtain Protect from Sun Heat and UV Rays Fordable Window Covers 1PC for Privacy Protection,‎Moyidea,‎Moyidea,‎1.65 ounces,,‎QCDBLACK-01,,‎QCDBLACK-01,B0C1MLQ8TV,"April 6, 2023",1,0,,,,,,,,,,,,,,,,,,,,‎8.39 x 6.06 x 1.22 inches,,,
B0C1MQ924K,Moyidea Car Side Window Sun Shade Front Seat Magnetic Curtain Protect from Sun Heat and UV Rays Fordable Window Covers for Privacy Protection 2Pcs,‎Moyidea,‎Moyidea,‎2.89 ounces,,‎QCDBLACK-02,,‎QCDBLACK-02,B0C1MQ924K,"April 6, 2023",5,3,,,,,,,,,,,,,,,,,,,,‎8.46 x 6.2 x 1.1 inches,,,
B09MDJBPVG,"Autopect Side Window Sunshade Sock Screen-Shade (Pack of 2) – Block Sun Rays to Keep Car Interior Cool and Comfortable – Elasticized Universal Fit Mesh Sun Shade for Car, Truck, SUV, Van",‎Autopect,‎Autopect,‎6.4 ounces,,‎AP-WS-01,,‎AP-WS-01,B09MDJBPVG,"November 22, 2021",1048,199,,,,,,,,,,,,,,,,,,,,‎6.97 x 6.57 x 2.32 inches,,,
B07Q72HJ65,"Sfee Car Window Shade for Side Windows, 2 Pack Car Sun Shade Retractable Window Shades for Car Blocks Heat and UV Rays Glare Protection Car Roller Sunshade Visor for Baby, Kids, Pets, Passengers",‎99IDEA INC,‎Sfee,‎14.9 ounces,"‎17.7""L x 15.7""W",,,‎C22-A,B07Q72HJ65,"April 1, 2019",1620,220,‎Black,"‎Passenger Car, Van, SUV",‎Plastic,"‎Clips,Adjustable,Roller",,,,,,,,,,,,,,,,,,,
B01MCS6VOE,"Car Window Shade - (2 Pack) - XL - 25"" x 16"" - Cling Car Sun Shade for Windows - Sun, Glare and UV Rays Protection for Your Child - Baby Car Shades for Side Window by Enovoe",‎Enovoe,‎Enovoe,‎5.6 ounces,"‎25""L x 16""W",‎8542104010,‎No,‎B01MCS6VOE,B01MCS6VOE,"October 12, 2016",3791,768,‎Black,"‎Passenger Car, Camper, Bus, Van, All terrain Vehicles, Truck, Aircraft","‎Mesh, Fabric",‎Pull On,,,,,,,,,,,,,,,,,,,
B0B9RDL77S,"Car Divider Curtain - Wide Car Privacy Blackout Shades with Storage Bag for Baby Nap, Removable Sedan SUV Van Sunshade Covers Screen for Car Camping Sleeping Accessories",‎PAMASE,‎PAMASE,‎5.9 ounces,"‎67""L x 31.5""W",‎PAMASE-Car.Divider.Curtain-1pc,,‎PAMASE-Car.Divider.Curtain-1pc,B0BQBLWR4G,"December 16, 2022",20,6,‎Black-1pcs Divider Curtain,"‎Passenger Car, Van",‎Polyester,"‎Drawstring, Hook and Loop",‎China,‎PAMASE-Car.Divider.Curtain-1pc,,,,,,,,,,,,,,,,,
B0B9RDL77S,"Set of 3 Car Window Shades - 95% Light Blocking Sunshades, 1 Privacy Divider Curtains & 2 Side Window Covers, Wide Sedan SUV Accessories for Kids Baby Travel Camping Nap Sleeping",‎PAMASE,‎PAMASE,‎13.1 ounces,"‎67""L x 31.5""W",‎Pamase-Car-Divider-Curtain,,‎Pamase-Car-Divider-Curtain,B0B9RDL77S,"August 16, 2022",240,43,‎Black-3pcs Curtain Set,‎Passenger Car,‎memory fabric,‎Drawstring,‎China,‎Pamase-Car-Divider-Curtain,,,,,,,,,,,,,,,,,
B0B9RDL77S,"Set of 5 Car Privacy Curtains - 4 Magnetic Side Car Window Curtains & 1 Rear Seat Divider Curtain with Storage Bag, Sun Baby Shades Screen Covers for Sedan SUV Camping Travel Nap Sleeping",‎PAMASE,‎PAMASE,‎14.3 ounces,,,,‎PAMASE-magnetic.car.window.curtain.set,B0BZC6F2NR,"March 23, 2023",9,2,,,,,‎China,,,,,,,,,,,,,,,‎9.21 x 7.01 x 1.18 inches,,,
B096G3TSBZ,RV Door Window Skylight Shade Foil Sunshield Reflective Window Cover DIY RV Skylight Insulator Sunshield Blackout Reflective Cover Car Sunshade Protector with 16 mm Tape for Car RV (25 x 16 Inches),‎Frienda,‎Frienda,‎4.8 ounces,"‎25""L x 16""W",,,‎Frienda-rv sunshield-08851,B09LC2LJL8,"October 29, 2021",26,2,‎Silver,‎Passenger Car,‎Aluminum,‎Hook and Loop,,,‎Reflective,,,,,,,,,,,,,,,,
B096G3TSBZ,"RV Door Window Skylight Shade Foil Sunshield Reflective Window Cover DIY RV Skylight Insulator Sunshield Blackout Reflective Cover Car Sunshade Protector with 16 mm Tape (Silver, 78.7 x 39.3 Inches)",‎Frienda,‎Frienda,‎6.4 ounces,"‎78.7""L x 39.3""W",,,‎CK-Frienda-2413,B096G3TSBZ,"June 2, 2021",266,36,‎Silver,‎Passenger Car,‎Aluminum,‎Hook and Loop,,,,,,,,,,,,,,,,,,,
B096G3TSBZ,"RV Door Window Skylight Shade Foil Sunshield Reflective Window Cover DIY RV Skylight Insulator Sunshield Blackout Reflective Cover Car Sunshade Protector with 16 mm Tape (Silver, 120 x 16 Inches)",‎Frienda,‎Frienda,‎8.8 ounces,"‎120""L x 16""W",,,‎CK-Frienda-1203,B0BNL19556,"April 28, 2023",1,0,‎Silver,‎Passenger Car,‎Aluminum,‎Hook and Loop,,,,,,,,,,,,,,,,,,,
B096G3TSBZ,"RV Door Window Skylight Shade Foil Sunshield Reflective Window Cover DIY RV Skylight Insulator Sunshield Blackout Reflective Cover Car Sunshade Protector with 16 mm Tape (Silver, 120 x 24 Inches)",‎Frienda,‎Frienda,‎12 ounces,"‎120""L x 24""W",,,‎CK-Frienda-1203,B0BNL1X39M,"November 29, 2022",13,6,‎Silver,‎Passenger Car,‎Aluminum,‎Hook and Loop,,,,,,,,,,,,,,,,,,,
B096G3TSBZ,RV Door Window Skylight Shade Foil Sunshield Reflective Window Cover DIY RV Skylight Insulator Sunshield Blackout Reflective Cover Car Sunshade Protector with 16 mm Tape for Car RV (120 x 47 Inches),‎Frienda,‎Frienda,‎1.37 pounds,"‎120""L x 47""W",‎Frienda-rv sunshield-08,,‎Frienda-rv sunshield-08,B09LCFPZKT,"October 29, 2021",71,7,‎Silver,‎Passenger Car,‎Aluminum,‎Hook and Loop,,,,,,,,,,,,,,,,,,,
B0B67PX3CG,"Car Side Window Sunshade, 4 PCS Static Cling Films Stickers Sun Shade UV Rays Privacy Protector, Reuseable Washable Sun Shade for Most Cars, Vhicles, SUV",‎Blilo,‎Blilo,‎5.3 ounces,"‎16.54""L x 14.96""W",‎Sunshade80,,‎Blilo-Window -Sunshade,B0B67PX3CG,"July 11, 2022",180,36,‎grey,‎Passenger Car,‎Polyvinyl Chloride,‎Roll Up,‎China,‎Car Side Window Sunshade,,,,,,,,,,,,,,,,,
B0B1DGYJ31,Tallew 4 Pack Car Magnetic Sun Shade for Window Baby Sun Shade Rear Front Side Window Shade Sun Protection for Cars and Trucks 4 Pack (Front & Rear),‎Tallew,‎Tallew,‎5.6 ounces,"‎31.5""L x 19.69""W",‎Tallew-Window Shade-02,,‎Tallew-Window Shade-02,B0B1DGYJ31,"May 16, 2022",347,78,‎Black,"‎Passenger Car, Truck","‎Polyester, Plastic",‎Magnetic,,,,,,,,,,,,,,,,,,,
B0B1DGYJ31,4 Pack Car Magnetic Sun Shade for Window Baby Rear Front Side Window Shade Sun Protection for Cars and Trucks Window Covers Privacy Shades for Baby (Blue),‎Tallew,‎Tallew,‎5 ounces,"‎31.5""L x 19.69""W",‎Tallew-Shade-0393,,‎Tallew-Shade-0393,B09W57VW1T,"March 22, 2022",276,95,‎Blue,"‎Passenger Car, Truck","‎Polyester, Plastic",‎Magnetic,,,,,,,,,,,,,,,,,,,
B0B1DGYJ31,Tallew 4 Pack Car Magnetic Sun Shade for Window Baby Sun Shade Rear Front Side Window Shade Sun Protection for Cars and Trucks Window Covers Privacy Shades Window Shade for Baby (Silver),‎Tallew,‎Tallew,‎4.7 ounces,"‎31.5""L x 19.69""W",‎Tallew-Window Shade-089,,‎Tallew-Window Shade-089,B0B6R9CC8C,"May 16, 2022",49,22,‎Silver,"‎Passenger Car, Truck","‎Plastic, Metal, Rubber",‎Magnetic,,,,,,,,,,,,,,,,,,,
B0BW8FYZ5W,"2PCS Foldable Magnetic Car Window Shade - Full Blackout for UV Block&Privacy Protection - Car Window Covers for Sleeping in Car - Universal SUV,Truck,Car Privacy Shades (Front window-2pcs)",‎KIFIDAN,‎KIFIDAN,‎2.39 ounces,"‎31.49""L x 19.68""W",‎car window shades,,‎KIFIDAN-zhe yang lian-2002,B0BW8FYZ5W,"February 20, 2023",17,3,‎Front window-2pcs,"‎Car, SUV, Truck，van","‎Polyester 190T,Magnets",‎Magnetic,,‎Car window covers,"‎Magetic,foldable",,,,,,,,,,,,,,,‎Polished,
B0BW8FYZ5W,"2PCS Foldable Magnetic Car Window Shade - Full Blackout for UV Block&Privacy Protection - Car Window Covers for Sleeping in Car - Universal SUV,Truck,Car Privacy Shades (Rear window-2pcs)",‎KIFIDAN,‎KIFIDAN,‎2.6 ounces,"‎31.49""L x 19.68""W",‎car window shades,,‎KIFIDAN-zhe yang lian-2002,B0BW8HP9QC,"February 20, 2023",15,7,‎Rear window-2pcs,"‎Car, SUV, Truck，van","‎Polyester 190T,Magnets",‎Magnetic,,‎Car window covers,"‎Magetic,foldable",,,,,,,,,,,,,,,‎Polished,
B0BW8FYZ5W,"4PCS Foldable Magnetic Car Window Shade - Full Blackout for UV Block&Privacy Protection - Car Window Covers for Sleeping in Car - Universal SUV,Truck,Car Privacy Shades(Titanium Silver-4Pcs)",‎KIFIDAN,‎KIFIDAN,‎5.3 ounces,,‎car window shades,,‎‎KIFIDAN-zhe yang lian-2002,B0C5875JJR,"May 15, 2023",12,4,,,,,,‎Car window covers,"‎Magetic,foldable,Sun Protection",,,,,,,,,,,,,‎10.51 x 9.06 x 0.87 inches,,,
B08LB6XXW3,"Ovege Car Window Shade -Car Side Window Sun Shade Baby UV Protection Privacy Suction Magnetic (Semi-Transparent, Back Seat 2pcs)",‎Ovege,‎Ovege,‎4.1 ounces,"‎30.5""L x 19""W",‎Shade-2,,‎Shade-2,B085XCGR31,"March 15, 2020",169,18,‎Semi-Transparent,‎Passenger Car,‎Mesh,‎Magnetic,‎China,,,,,,,,,,,,,,,,,,
B08LB6XXW3,"Ovege Car Side Window Sun Shade Mesh Suction Magnetic Car Curtain UV Protection (Semi-Transparent, Front Seat 2pcs-)",‎Ovege,‎Ovege,‎3.84 ounces,"‎27.5""L x 19""W",‎Shade-2,,‎Shade-2,B08LB6XXW3,"March 15, 2020",727,141,‎Semi-Transparent,‎Passenger Car,‎Mesh,‎Magnetic,,,,,,,,,,,,,,,,,,,
B08LB6XXW3,Ovege Car Window Shade Magnetic Suedette -Car Side Window Sun Shade Car Curtain UV Protection Privacy Baby Suction Magnetic (Back Seat 2pcs),‎Ovege,‎Ovege,‎5.6 ounces,,‎S-D,,‎S-D,B0C5LN124L,"May 18, 2023",0,0,,,,,‎China,‎S-D,,,,,,,,,,,,,,‎10.39 x 7.76 x 1.61 inches,,,
B08LB6XXW3,Ovege Car Side Window Sun Shade Magnetic Car Curtain Suction Magnetic Suedette (Front Seat 2pcs),‎Ovege,‎Ovege,‎4.6 ounces,,‎S-D,,‎S-D,B0C5LLS8QN,"May 18, 2023",0,0,,,,,‎China,‎S-D,,,,,,,,,,,,,,‎8.86 x 5.91 x 1.3 inches,,,
B08LB6XXW3,"Ovege Car Side Window Sun Shade Mesh Baby UV Protection Privacy Suction Magnetic (Semi-Transparent, Front&Back 4pcs)",‎Ovege,‎Ovege,‎8.4 ounces,"‎70""L x 48""W",‎Shade-2,,‎Shade-2,B085XCKFZ7,"March 15, 2020",218,34,‎Semi-Transparent,‎Passenger Car,‎Mesh,‎Magnetic,‎China,,,,,,,,,,,,,,,,,,
B08LB6XXW3,Ovege Car Window Shade Magnetic - Car Side Window Sun Shade Car Curtain Suedette UV Protection Privacy Baby Suction Magnetic (Front&Back 4pcs),‎Ovege,‎Ovege,‎9.9 ounces,,‎S-D,,‎S-D,B0C5LMGWLQ,"May 18, 2023",0,0,,,,,‎China,‎S-D,,,,,,,,,,,,,,‎10.83 x 7.52 x 1.77 inches,,,
B0C4Z2CWNT,"Car Window Shades- 2Pack Car Window Shade for Baby, Magnetic,Durable Material, Block Heat and Sun, Car Interior Accessories Summer, Car Seat Sun Protection",‎Motomate,‎Motomate,‎4.2 ounces,,‎CXL,,‎A04301,B0BY1B53FV,"March 26, 2022",0,0,,,,,,‎CXL03,,,,,,,,,,,,,,‎9.72 x 7.6 x 0.79 inches,,,
B0C4Z2CWNT,"Car Window Shades,Magnetic,Durable Material, Window Shades for car Baby, Block Heat and Sun, Car Interior Accessories Summer, Car Seat Sun Protection",‎MOTOMATE,‎Motomate,‎2.39 ounces,,‎CXL,,‎CXL,B0C9TP6F55,"March 26, 2022",0,0,,,,,‎China,‎CXL-2P,,,,,,,,,,,,,,‎9.72 x 7.6 x 0.94 inches,,,
B0C4Z2CWNT,"Windshield Sun Shade- 240T Motomate Durable Reflective Material, Block Heat and Sun, Foldable Sun Shade, Car Interior Accessories Summer, with a Pouch(M 59 inches x 31 inches)…",‎Motomate,‎Motomate,‎5.6 ounces,"‎59""L x 31""W",‎ZYS-Z,,‎SQ2set,B09WJZMBLP,"March 26, 2022",170,37,"‎Silver,Black",‎✅ Best Value In 2023,‎Polyester,‎Foldable,,‎SQZY-Z,,,,,,,,,,,,,,,,,
B0C4Z2CWNT,"Windshield Sun Shade- 240T Motomate Durable Reflective Material, Block Heat and Sun, Foldable Sun Shade, Car Interior Accessories Summer, with a Pouch (L 63 inches x 33 inches)",‎Motomate,‎Motomate,‎6.7 ounces,"‎63""L x 33""W",‎SQZY,,‎SQZY,B0B5WNRQMN,"June 1, 2022",129,17,"‎Silver,Black",‎✅ Best Value In 2023,‎Polyester,‎Foldable,,‎SQZY-Z,,,,,,,,,,,,,,,,,
B0C4Z2CWNT,"Windshield Sun Shade- 240T Motomate Durable Reflective Material, Block Heat and Sun, Foldable Sun Shade, Car Interior Accessories Summer, with a Pouch (XL 65.7in x 37.5 in)",‎Motomate,‎Motomate,‎16 ounces,"‎65.7""L x 37.5""W",‎SQ2SET02,,‎SQ2SET02,B0B2VD955F,"March 26, 2022",6,3,"‎Silver,Black",‎✅ Amazon Choice The Best Value,‎Polyester,"‎Loop, Hook",,‎SQZY-Z,,,,,,,,,,,,,,,,,
B0C4Z2CWNT,"Motomate Car Windshield Snow Cover - Windshield Cover for Ice and Snow for Vehicle, Truck, Vans and SUV Windshield Snow Cover Waterproof/Windproof/Dustproof (82x55 Inches)",‎Motomate,‎Motomate,‎1.53 pounds,‎74.8 x 63 x 42 inches,,‎No,‎SC-M-107,B0B5X91DQH,"July 6, 2022",5,3,,,,,,,,,,,,,,,,,,,,,,,
B0C4Z2CWNT,Windshield Sun Shade- Front and Side Window Sun Cover Block Sun Heat Protect Vehicle Interior Accessories Sunshades Prevent Prying and Protect Privacy,‎Motomate,‎Motomate,‎13.7 ounces,,‎SQZY,,‎SQ,B0C84ZFS5M,"June 15, 2023",0,0,,,,,,‎SQZY-ZCZY,,,,,,,,,,,,,,‎14.02 x 13.58 x 4.09 inches,,,
B0C4Z2CWNT,Windshield Sun Shade- Front and Side Car Window Sun Cover Block Sun Heat Protect Prevent Prying and Protect Privacy,‎Motomate,‎Motomate,‎14 ounces,,‎SQ,,‎SQ,B0C4Z2CWNT,"May 11, 2023",2,2,,,,,,‎SQ,,,,,,,,,,,,,,‎12.91 x 12.36 x 3.43 inches,,,